epoch,lr,time,loss
0,0.001,08:53:50,2.989799749851227
1,1.2499999999999999e-06,08:54:56,2.7640534400939942
2,2.4999999999999998e-06,08:56:01,2.3221248269081114
